name,method,trace_time,run_time,memory,SPFN,SPFP
ROSE-1000L1-R0-rose.aln.true,minclusters,2.7120096683502197,1262.6481478214264,6803.2,0.09147562592496372,0.08363228145765811
ROSE-1000L1-R10-rose.aln.true,minclusters,9.093024253845215,1477.3284211158752,2852.2,0.08131985454500024,0.07032684391566812
ROSE-1000L1-R11-rose.aln.true,minclusters,0.7788379192352295,1304.8335709571838,7106.2,0.06420858005702623,0.05907154997501929
ROSE-1000L1-R12-rose.aln.true,minclusters,0.6925239562988281,1171.130883693695,6273.8,0.056003316608700726,0.037284194924506964
ROSE-1000L1-R13-rose.aln.true,minclusters,0.772632360458374,1345.1461567878723,7133.1,0.08911256104523624,0.07745468179330395
ROSE-1000L1-R14-rose.aln.true,minclusters,0.6695084571838379,1136.6790256500244,6614.5,0.05354016144020135,0.05112138628112395
ROSE-1000L1-R15-rose.aln.true,minclusters,0.7288389205932617,1172.3965680599213,7250.6,0.06731492222607383,0.06292368044052743
ROSE-1000L1-R16-rose.aln.true,minclusters,0.7357230186462402,1291.036248922348,6848.7,0.051400237355335165,0.048393140063463846
ROSE-1000L1-R17-rose.aln.true,minclusters,13.436284303665161,1253.2000894546509,7131.2,0.07294112436184341,0.05859135919881897
ROSE-1000L1-R18-rose.aln.true,minclusters,0.6303493976593018,1217.850457906723,5856.9,0.04574487461018506,0.04397220270069502
ROSE-1000L1-R19-rose.aln.true,minclusters,0.6711575984954834,1089.1794147491455,5953.8,0.047777289475938955,0.04563371112018044
ROSE-1000L1-R1-rose.aln.true,minclusters,0.7378959655761719,1208.3669407367706,7245.8,0.05589929563715246,0.05128279065660013
ROSE-1000L1-R2-rose.aln.true,minclusters,0.769127368927002,1076.489305973053,3435.0,0.05562911835819184,0.049259502276863376
ROSE-1000L1-R3-rose.aln.true,minclusters,1.0065996646881104,1523.350769519806,8093.9,0.09459465227226649,0.08427415475058608
ROSE-1000L1-R4-rose.aln.true,minclusters,0.739433765411377,1220.6010699272156,6642.7,0.056336232053623925,0.053198954509469765
ROSE-1000L1-R5-rose.aln.true,minclusters,0.6844120025634766,1134.0786209106445,6254.4,0.03926346741204978,0.036752633551344616
ROSE-1000L1-R6-rose.aln.true,minclusters,0.6972086429595947,1302.1619937419891,6416.0,0.09046727008444466,0.08458837376574746
ROSE-1000L1-R7-rose.aln.true,minclusters,0.6642544269561768,987.9062259197235,2779.3,0.06357276750995677,0.05850674416554402
ROSE-1000L1-R8-rose.aln.true,minclusters,0.7541332244873047,1530.799469947815,8140.6,0.099068781369265,0.09270614578001135
ROSE-1000L1-R9-rose.aln.true,minclusters,0.6604187488555908,1294.1559281349182,6974.0,0.05553740876176716,0.053352190464960425
ROSE-1000L2-R0-rose.aln.true,minclusters,3.372302293777466,1307.7738201618195,6434.7,0.044378880121755504,0.03342911197271403
ROSE-1000L2-R10-rose.aln.true,minclusters,0.6519801616668701,1110.9763367176056,5937.2,0.03643227463145926,0.03450212989892809
ROSE-1000L2-R11-rose.aln.true,minclusters,0.5990772247314453,1066.4626529216766,2663.6,0.026492536592773952,0.026124483812106858
ROSE-1000L2-R12-rose.aln.true,minclusters,0.7088673114776611,1409.145198583603,6602.9,0.04387407647229169,0.03963850664578772
ROSE-1000L2-R13-rose.aln.true,minclusters,0.9304502010345459,1351.0699627399445,6675.1,0.04259514650302887,0.037269400124903096
ROSE-1000L2-R14-rose.aln.true,minclusters,0.6326267719268799,1103.7583894729614,5514.1,0.020870769702636682,0.020076381611903837
ROSE-1000L2-R15-rose.aln.true,minclusters,0.645592212677002,1106.2317323684692,5693.3,0.028744896114827667,0.025461730786703107
ROSE-1000L2-R16-rose.aln.true,minclusters,0.6830759048461914,1137.2184038162231,5472.6,0.047389722296550696,0.0449671380943647
ROSE-1000L2-R17-rose.aln.true,minclusters,0.6265013217926025,1081.922649860382,2637.9,0.028791424419201128,0.02801409898713203
ROSE-1000L2-R18-rose.aln.true,minclusters,0.5817937850952148,1055.0209391117096,4579.1,0.01146406101205888,0.011258844711548588
ROSE-1000L2-R19-rose.aln.true,minclusters,0.6334044933319092,1137.3696522712708,5908.1,0.028729738853186526,0.028029136444817304
ROSE-1000L2-R1-rose.aln.true,minclusters,0.6343801021575928,1202.215574502945,4886.3,0.013811454587887129,0.012756460486378463
ROSE-1000L2-R2-rose.aln.true,minclusters,0.703925371170044,1434.9697959423065,7625.0,0.06110708647035301,0.05832191856298552
ROSE-1000L2-R3-rose.aln.true,minclusters,0.6454808712005615,1126.543565750122,2700.4,0.03536616540466486,0.03396502956037606
ROSE-1000L2-R4-rose.aln.true,minclusters,0.6868801116943359,1283.6099274158478,6686.0,0.02713444442918944,0.025204469924819506
ROSE-1000L2-R5-rose.aln.true,minclusters,0.7036654949188232,1284.4568696022034,5334.7,0.04630977097150324,0.04224855573546171
ROSE-1000L2-R6-rose.aln.true,minclusters,0.706526517868042,1025.391770362854,4756.8,0.023630345540594844,0.02217895157159544
ROSE-1000L2-R7-rose.aln.true,minclusters,0.6132895946502686,1086.3784234523773,4753.4,0.014630684683946016,0.014358993496289774
ROSE-1000L2-R8-rose.aln.true,minclusters,0.5759162902832031,991.4643197059631,2563.4,0.013593067188030772,0.01331191293909284
ROSE-1000L2-R9-rose.aln.true,minclusters,0.6339111328125,1092.0564653873444,4950.1,0.02754114606417213,0.02703884591855199
ROSE-1000L3-R0-rose.aln.true,minclusters,4.084299564361572,1350.1255204677582,9363.0,0.1293499957668368,0.10051975207970021
ROSE-1000L3-R10-rose.aln.true,minclusters,10.679455995559692,1179.121734380722,8656.4,0.09014044548184041,0.06508078267298212
ROSE-1000L3-R11-rose.aln.true,minclusters,3.542238473892212,1534.7366733551025,10172.3,0.12141463355923143,0.11360073925406011
ROSE-1000L3-R12-rose.aln.true,minclusters,1.1914355754852295,1370.8020384311676,10677.8,0.1022944567450107,0.09427138710572569
ROSE-1000L3-R13-rose.aln.true,minclusters,0.7659592628479004,1253.2839186191559,7822.0,0.08717540670810742,0.08460122406170467
ROSE-1000L3-R14-rose.aln.true,minclusters,6.183152675628662,1401.444399356842,10024.1,0.12005847208285514,0.10609741032477604
ROSE-1000L3-R15-rose.aln.true,minclusters,6.205904483795166,1502.2010517120361,9918.4,0.14739804873130913,0.1307546372230073
ROSE-1000L3-R16-rose.aln.true,minclusters,0.7863001823425293,1200.3098862171173,9277.9,0.06771794995790448,0.06221361613627485
ROSE-1000L3-R17-rose.aln.true,minclusters,0.7806205749511719,1417.6072974205017,8590.1,0.07301935838128082,0.07064925889435825
ROSE-1000L3-R18-rose.aln.true,minclusters,1.3054702281951904,1720.653196811676,4726.8,0.11098446701724485,0.10373650765209053
ROSE-1000L3-R19-rose.aln.true,minclusters,10.648488283157349,1618.2480027675629,9755.4,0.18067742598638348,0.16104881742505373
ROSE-1000L3-R1-rose.aln.true,minclusters,0.8034701347351074,1417.3300116062164,10338.6,0.08511545824582323,0.0780354576899479
ROSE-1000L3-R2-rose.aln.true,minclusters,2.8381736278533936,1617.3050003051758,10232.7,0.08957055482907406,0.07840234232287369
ROSE-1000L3-R3-rose.aln.true,minclusters,0.7623348236083984,1387.4030385017395,8861.3,0.08866420500290595,0.08386322645620381
ROSE-1000L3-R4-rose.aln.true,minclusters,23.320340394973755,1527.1302061080933,3124.8,0.15214006770790534,0.12151553258020209
ROSE-1000L3-R5-rose.aln.true,minclusters,27.367567539215088,1639.707539319992,10939.1,0.21705088628727898,0.1569342867294129
ROSE-1000L3-R6-rose.aln.true,minclusters,3.1493258476257324,1400.9421727657318,10484.0,0.1297463716947077,0.11178403263509074
ROSE-1000L3-R7-rose.aln.true,minclusters,0.7953872680664062,1394.3517405986786,10226.6,0.10503635440571901,0.09993091892378936
ROSE-1000L3-R8-rose.aln.true,minclusters,1.6895880699157715,1612.126739025116,11133.9,0.12037183545078045,0.10712835466895143
ROSE-1000L3-R9-rose.aln.true,minclusters,9.45476222038269,1319.7202920913696,3286.9,0.15198271910500194,0.12293317954735183
ROSE-1000M1-R0-rose.aln.true,minclusters,0.8275816440582275,1348.453914642334,6737.3,0.10687734338311217,0.09237009594785128
ROSE-1000M1-R10-rose.aln.true,minclusters,0.9005305767059326,1205.011543750763,6925.8,0.1146293544435999,0.10730576662133484
ROSE-1000M1-R11-rose.aln.true,minclusters,8.109018564224243,1293.0750486850739,6936.6,0.1403546742141254,0.12370883537180688
ROSE-1000M1-R12-rose.aln.true,minclusters,0.7404663562774658,1123.4638814926147,6413.4,0.11761088392606489,0.11282783364426086
ROSE-1000M1-R13-rose.aln.true,minclusters,0.6986846923828125,1224.602387189865,2767.3,0.10192895746518105,0.09533376020884798
ROSE-1000M1-R14-rose.aln.true,minclusters,0.7267370223999023,1228.3580539226532,6111.1,0.11660019708960623,0.11038488237360511
ROSE-1000M1-R15-rose.aln.true,minclusters,0.7588884830474854,1150.5929596424103,6415.6,0.11689890067061093,0.10949524058966442
ROSE-1000M1-R16-rose.aln.true,minclusters,24.26098394393921,2355.112429857254,7146.3,0.3222017931894342,0.2671214968413499
ROSE-1000M1-R17-rose.aln.true,minclusters,0.7933168411254883,1141.397933959961,6674.6,0.11757214712214903,0.11141672761364518
ROSE-1000M1-R18-rose.aln.true,minclusters,0.7371923923492432,1290.910362958908,6554.2,0.11129706452380073,0.10154287920761584
ROSE-1000M1-R19-rose.aln.true,minclusters,2.538365602493286,1411.1127071380615,6800.8,0.12920339500101263,0.11757452265254098
ROSE-1000M1-R1-rose.aln.true,minclusters,0.798504114151001,1226.6750910282135,6274.7,0.14361384494496987,0.13124585316831838
ROSE-1000M1-R2-rose.aln.true,minclusters,0.762620210647583,1201.4399511814117,6528.2,0.12202181560639291,0.11583653542901029
ROSE-1000M1-R3-rose.aln.true,minclusters,0.762298583984375,1068.8655104637146,5769.1,0.08083432336916674,0.07417091582668967
ROSE-1000M1-R4-rose.aln.true,minclusters,0.8866391181945801,1449.9508321285248,7024.3,0.18905042812283768,0.17633402055171465
ROSE-1000M1-R5-rose.aln.true,minclusters,0.8362734317779541,1167.3366532325745,3206.4,0.11736699449566368,0.10382192282752167
ROSE-1000M1-R6-rose.aln.true,minclusters,1.1648268699645996,1245.5960416793823,6282.5,0.13484669090667667,0.11677810473222372
ROSE-1000M1-R7-rose.aln.true,minclusters,0.7444295883178711,1191.9964842796326,6357.9,0.10367967649994814,0.09584077725165274
ROSE-1000M1-R8-rose.aln.true,minclusters,6.410684585571289,1109.2734005451202,6127.5,0.17515324259136467,0.1452374275016911
ROSE-1000M1-R9-rose.aln.true,minclusters,3.4606475830078125,1378.3022797107697,6595.8,0.1796176667853363,0.16268724274321988
ROSE-1000M2-R0-rose.aln.true,minclusters,0.8799729347229004,1144.8840069770813,2929.7,0.09967389419118511,0.08838547450751044
ROSE-1000M2-R10-rose.aln.true,minclusters,0.9321167469024658,1296.9950654506683,7193.0,0.1562621072968572,0.14266531330936238
ROSE-1000M2-R11-rose.aln.true,minclusters,0.7791943550109863,1184.112868309021,7284.4,0.0840509762725723,0.08003341815151399
ROSE-1000M2-R12-rose.aln.true,minclusters,0.6966784000396729,1143.9723756313324,5388.5,0.05508793165468995,0.050167412257796196
ROSE-1000M2-R13-rose.aln.true,minclusters,0.8240339756011963,1238.6436884403229,7036.8,0.1261710008329714,0.11901178810208202
ROSE-1000M2-R14-rose.aln.true,minclusters,0.8193221092224121,1299.6448004245758,4562.6,0.11725838971527847,0.11218675426879887
ROSE-1000M2-R15-rose.aln.true,minclusters,7.258129596710205,1278.7848076820374,6468.2,0.17337471600361298,0.14872492440968854
ROSE-1000M2-R16-rose.aln.true,minclusters,2.0302536487579346,1239.7720563411713,6676.2,0.13764793556128962,0.10463326601971046
ROSE-1000M2-R17-rose.aln.true,minclusters,0.7217330932617188,1091.9326043128967,5659.4,0.07777849713844154,0.07359336046185738
ROSE-1000M2-R18-rose.aln.true,minclusters,1.1785037517547607,1296.0640251636505,6608.2,0.1080066069150758,0.09987522444586117
ROSE-1000M2-R19-rose.aln.true,minclusters,0.6707816123962402,1048.9709289073944,5928.8,0.06936942707495941,0.050409805328307855
ROSE-1000M2-R1-rose.aln.true,minclusters,0.7582917213439941,1217.0394699573517,4182.3,0.12960828915365274,0.12455818018371834
ROSE-1000M2-R2-rose.aln.true,minclusters,0.8024654388427734,1053.222736120224,6773.8,0.097755040993878,0.08996018469980582
ROSE-1000M2-R3-rose.aln.true,minclusters,0.7612659931182861,1013.6759164333344,6384.5,0.0848929257445099,0.08086205009168612
ROSE-1000M2-R4-rose.aln.true,minclusters,0.7654027938842773,1091.7338824272156,5974.4,0.06406608361165533,0.05847429267501081
ROSE-1000M2-R5-rose.aln.true,minclusters,0.7346258163452148,1333.4648344516754,7079.9,0.11397871184688058,0.11078797484801706
ROSE-1000M2-R6-rose.aln.true,minclusters,0.6799838542938232,1157.727812051773,2855.7,0.06706363803813875,0.06321722752917913
ROSE-1000M2-R7-rose.aln.true,minclusters,0.8173403739929199,978.0307335853577,4995.5,0.10802290371444112,0.07830421320471903
ROSE-1000M2-R8-rose.aln.true,minclusters,0.7874343395233154,1152.0483355522156,6471.9,0.09188578596270469,0.08920387795674645
ROSE-1000M2-R9-rose.aln.true,minclusters,0.8371469974517822,1127.2746992111206,6074.3,0.1031657639429695,0.09499043534132867
ROSE-1000M3-R0-rose.aln.true,minclusters,0.588733434677124,892.076751947403,3942.8,0.048221278998598516,0.046830150597681586
ROSE-1000M3-R10-rose.aln.true,minclusters,0.6000754833221436,1002.0459883213043,4916.8,0.03862936960200747,0.03657736272188916
ROSE-1000M3-R11-rose.aln.true,minclusters,0.6161072254180908,952.6955320835114,3758.2,0.04726664519158097,0.04567827017466519
ROSE-1000M3-R12-rose.aln.true,minclusters,0.5866336822509766,984.9422223567963,4631.3,0.03649819622686046,0.03607892040659422
ROSE-1000M3-R13-rose.aln.true,minclusters,0.6204402446746826,972.843581199646,4527.8,0.03412674776001323,0.03334873034415242
ROSE-1000M3-R14-rose.aln.true,minclusters,0.6227686405181885,931.543182849884,4555.6,0.04299371806506114,0.0419798751887106
ROSE-1000M3-R15-rose.aln.true,minclusters,0.6244761943817139,1104.9240391254425,5097.2,0.032968271962046325,0.03201429816911083
ROSE-1000M3-R16-rose.aln.true,minclusters,0.6196362972259521,1007.5452702045441,2581.0,0.025891074872948727,0.025606168039233435
ROSE-1000M3-R17-rose.aln.true,minclusters,0.6395494937896729,923.3518543243408,4680.7,0.021548073283162217,0.02126712291361521
ROSE-1000M3-R18-rose.aln.true,minclusters,0.6113274097442627,1012.156313419342,5329.4,0.034858117571751834,0.03395747538483451
ROSE-1000M3-R19-rose.aln.true,minclusters,0.6457071304321289,951.3875195980072,4774.8,0.02599393761467439,0.02463018962687613
ROSE-1000M3-R1-rose.aln.true,minclusters,0.6180083751678467,900.8810415267944,3944.9,0.051563574639428955,0.044310024197396825
ROSE-1000M3-R2-rose.aln.true,minclusters,0.6501600742340088,1188.6705877780914,5137.4,0.05135026571483703,0.04823530260788067
ROSE-1000M3-R3-rose.aln.true,minclusters,0.6220371723175049,955.1987471580505,4944.5,0.0449063525193788,0.04421419971194718
ROSE-1000M3-R4-rose.aln.true,minclusters,0.5777387619018555,900.7704997062683,4551.1,0.03706861969321662,0.036492823825043375
ROSE-1000M3-R5-rose.aln.true,minclusters,0.5724618434906006,910.9983212947845,4396.7,0.024775044776228827,0.023671560357751975
ROSE-1000M3-R6-rose.aln.true,minclusters,0.7116904258728027,962.8286590576172,4833.5,0.03701094816689865,0.035700317238182344
ROSE-1000M3-R7-rose.aln.true,minclusters,0.6070797443389893,1076.886902332306,5254.6,0.03508870261247632,0.03456881979321713
ROSE-1000M3-R8-rose.aln.true,minclusters,0.6274368762969971,944.6987903118134,2642.1,0.04115747255026603,0.04013726833584608
ROSE-1000M3-R9-rose.aln.true,minclusters,0.6368000507354736,959.0299036502838,4954.9,0.030560663891807338,0.029866644459921154
ROSE-1000M4-R0-rose.aln.true,minclusters,0.6637678146362305,792.242593050003,4649.8,0.01328783861357663,0.010103980930274092
ROSE-1000M4-R10-rose.aln.true,minclusters,0.669670820236206,842.2778098583221,4895.2,0.010233833275200888,0.007645384732695604
ROSE-1000M4-R11-rose.aln.true,minclusters,0.6439003944396973,746.6448230743408,4082.8,0.010030277958868572,0.007972524454523011
ROSE-1000M4-R12-rose.aln.true,minclusters,0.7300713062286377,783.1405160427094,4649.7,0.01650984880159201,0.011763947161680388
ROSE-1000M4-R13-rose.aln.true,minclusters,0.6287074089050293,716.6269187927246,2273.6,0.007957126229149458,0.006190071252363483
ROSE-1000M4-R14-rose.aln.true,minclusters,0.7086598873138428,784.2524874210358,4816.2,0.01257777073943056,0.009281766902323851
ROSE-1000M4-R15-rose.aln.true,minclusters,0.6386985778808594,692.4145882129669,3640.8,0.018949752796804886,0.015438982716998728
ROSE-1000M4-R16-rose.aln.true,minclusters,0.674065351486206,758.6361355781555,4095.7,0.008638602821022134,0.006296916187679247
ROSE-1000M4-R17-rose.aln.true,minclusters,0.6282913684844971,737.1648843288422,3976.2,0.015496172923100238,0.012503068082323598
ROSE-1000M4-R18-rose.aln.true,minclusters,0.6922502517700195,784.4192309379578,4522.6,0.012440478506111186,0.010188234508413108
ROSE-1000M4-R19-rose.aln.true,minclusters,0.6163341999053955,685.8248653411865,3644.2,0.00611862290953058,0.004478810897112773
ROSE-1000M4-R1-rose.aln.true,minclusters,0.8375651836395264,771.290191411972,4397.1,0.011762639438127609,0.008499204925800474
ROSE-1000M4-R2-rose.aln.true,minclusters,0.5848715305328369,698.5195686817169,3813.9,0.007674052173229806,0.006270527002778414
ROSE-1000M4-R3-rose.aln.true,minclusters,0.6800589561462402,756.6386444568634,4196.9,0.01584602641031274,0.0131722709593326
ROSE-1000M4-R4-rose.aln.true,minclusters,0.758281946182251,762.8399052619934,4760.4,0.014599835161993924,0.00915814449833352
ROSE-1000M4-R5-rose.aln.true,minclusters,0.6856529712677002,784.7796220779419,2481.8,0.015431742622550315,0.012741206004681427
ROSE-1000M4-R6-rose.aln.true,minclusters,0.7370731830596924,840.8646764755249,4609.6,0.012458535562010375,0.009131830757142079
ROSE-1000M4-R7-rose.aln.true,minclusters,0.6484334468841553,736.3217375278473,3993.5,0.010667583459484598,0.009533074131229724
ROSE-1000M4-R8-rose.aln.true,minclusters,0.6557371616363525,776.403689622879,4358.4,0.008480713458179356,0.0066137243161320525
ROSE-1000M4-R9-rose.aln.true,minclusters,0.6709794998168945,721.179851770401,4060.4,0.008323975516017046,0.006576665052987041
ROSE-1000S1-R0-rose.aln.true,minclusters,0.7161235809326172,1101.2278649806976,4873.5,0.09893184995681636,0.09613820115065441
ROSE-1000S1-R10-rose.aln.true,minclusters,0.6838994026184082,1299.9316289424896,2967.9,0.14912602860886126,0.13939440518406998
ROSE-1000S1-R11-rose.aln.true,minclusters,0.6911277770996094,1108.6945617198944,5218.9,0.13694397666716684,0.12067963376925317
ROSE-1000S1-R12-rose.aln.true,minclusters,0.6857223510742188,1137.322677373886,5366.9,0.12892380733313336,0.12068393632299479
ROSE-1000S1-R13-rose.aln.true,minclusters,0.6514339447021484,988.7753291130066,5103.1,0.0919636078222873,0.08757353275915902
ROSE-1000S1-R14-rose.aln.true,minclusters,0.7073493003845215,1308.8670568466187,6236.7,0.16152128146521827,0.15341345383908211
ROSE-1000S1-R15-rose.aln.true,minclusters,0.6096208095550537,998.2045772075653,3605.0,0.06373535154170096,0.05936937235781581
ROSE-1000S1-R16-rose.aln.true,minclusters,4.857212543487549,1168.9252009391785,5962.1,0.1647881125219598,0.12598232091975015
ROSE-1000S1-R17-rose.aln.true,minclusters,0.6727571487426758,1007.3582155704498,5034.4,0.11112154666734064,0.10553980649140327
ROSE-1000S1-R18-rose.aln.true,minclusters,0.6532602310180664,1067.9414308071136,4244.1,0.09340503070653361,0.08566521725823939
ROSE-1000S1-R19-rose.aln.true,minclusters,0.6347272396087646,1085.3412592411041,4671.6,0.11357356157920573,0.10643636197076844
ROSE-1000S1-R1-rose.aln.true,minclusters,0.7050116062164307,1022.6640572547913,4857.0,0.10761461190755073,0.10506042080244615
ROSE-1000S1-R2-rose.aln.true,minclusters,0.6354155540466309,967.4415044784546,2821.6,0.10331452745231096,0.09754342983290654
ROSE-1000S1-R3-rose.aln.true,minclusters,0.6659369468688965,1133.7634861469269,4919.5,0.12222354145771974,0.1135216255259438
ROSE-1000S1-R4-rose.aln.true,minclusters,0.6306552886962891,1055.1163806915283,5156.5,0.09137371449503406,0.08765852815437902
ROSE-1000S1-R5-rose.aln.true,minclusters,0.6392519474029541,983.6998431682587,4543.2,0.0895790091187526,0.08802052076765599
ROSE-1000S1-R6-rose.aln.true,minclusters,0.6977219581604004,1156.2819283008575,5181.6,0.12555914981401095,0.12077677620417804
ROSE-1000S1-R7-rose.aln.true,minclusters,0.7069368362426758,1050.945363998413,2964.9,0.14556471699237472,0.13579945456687414
ROSE-1000S1-R8-rose.aln.true,minclusters,0.7161171436309814,1112.2965388298035,5666.8,0.10162701497743842,0.09345888465279006
ROSE-1000S1-R9-rose.aln.true,minclusters,0.7007176876068115,1127.0473003387451,4938.2,0.14446204255799155,0.13077584295266353
ROSE-1000S2-R0-rose.aln.true,minclusters,0.5910413265228271,919.8314237594604,3321.4,0.039083027975196694,0.03829727065189448
ROSE-1000S2-R10-rose.aln.true,minclusters,0.5447795391082764,1012.6608290672302,3495.3,0.048226568531892555,0.046937811792660544
ROSE-1000S2-R11-rose.aln.true,minclusters,0.666297435760498,1038.9754757881165,4349.1,0.04106890723784817,0.04014450923373558
ROSE-1000S2-R12-rose.aln.true,minclusters,0.573678731918335,930.7723410129547,2068.8,0.040193062708465344,0.03681401855563582
ROSE-1000S2-R13-rose.aln.true,minclusters,0.5767312049865723,1015.3369326591492,3401.5,0.09129621841287039,0.08375067963992378
ROSE-1000S2-R14-rose.aln.true,minclusters,0.6320135593414307,1065.7839272022247,4885.1,0.048884655573817715,0.04787455116804806
ROSE-1000S2-R15-rose.aln.true,minclusters,0.5735204219818115,970.2555973529816,3523.3,0.04500783443215828,0.043741605924225824
ROSE-1000S2-R16-rose.aln.true,minclusters,0.6019313335418701,966.2209186553955,4015.9,0.08667809164245444,0.05774874948460329
ROSE-1000S2-R17-rose.aln.true,minclusters,0.5773768424987793,1092.088222503662,2541.5,0.04954216181065996,0.042060448252035365
ROSE-1000S2-R18-rose.aln.true,minclusters,0.615109920501709,1027.8903696537018,4418.9,0.05711392616561961,0.04163224263914911
ROSE-1000S2-R19-rose.aln.true,minclusters,0.6035768985748291,998.2240192890167,4658.0,0.054216493288669954,0.05239750184498504
ROSE-1000S2-R1-rose.aln.true,minclusters,0.6516163349151611,1078.5415930747986,4669.7,0.04967518357458778,0.048446140760982526
ROSE-1000S2-R2-rose.aln.true,minclusters,0.6414716243743896,1138.6577243804932,4180.2,0.07787881942091157,0.06745115623153841
ROSE-1000S2-R3-rose.aln.true,minclusters,0.6096549034118652,936.1331677436829,3969.9,0.048838351056646245,0.046835307910716106
ROSE-1000S2-R4-rose.aln.true,minclusters,0.6183352470397949,945.0984063148499,2753.6,0.04099287701411569,0.04090697998079762
ROSE-1000S2-R5-rose.aln.true,minclusters,0.6473801136016846,1062.7240827083588,4646.3,0.056150603480877526,0.05410643975402962
ROSE-1000S2-R6-rose.aln.true,minclusters,0.6594924926757812,1194.0440680980682,4836.9,0.06799232933608068,0.06599359379912617
ROSE-1000S2-R7-rose.aln.true,minclusters,0.626255989074707,938.3003194332123,4191.8,0.05028329840917989,0.04291299296153994
ROSE-1000S2-R8-rose.aln.true,minclusters,0.6214621067047119,1035.9593613147736,4533.8,0.06318969121238405,0.062242182698381665
ROSE-1000S2-R9-rose.aln.true,minclusters,0.6148695945739746,982.2975351810455,2606.9,0.09767095645172874,0.08889144873063437
ROSE-1000S3-R0-rose.aln.true,minclusters,0.6203608512878418,979.9243731498718,4560.5,0.04613252407574486,0.044781523051081074
ROSE-1000S3-R10-rose.aln.true,minclusters,0.6036713123321533,978.6279702186584,3961.1,0.04299189066573572,0.04238285569357414
ROSE-1000S3-R11-rose.aln.true,minclusters,0.6296632289886475,846.0860221385956,3206.8,0.03634665486660327,0.034950093174334285
ROSE-1000S3-R12-rose.aln.true,minclusters,0.6025030612945557,1164.7304606437683,4859.2,0.06455262665603934,0.0634889859847847
ROSE-1000S3-R13-rose.aln.true,minclusters,0.561931848526001,954.139223575592,3852.7,0.02723388728456555,0.025186788526939896
ROSE-1000S3-R14-rose.aln.true,minclusters,0.6337969303131104,952.6896259784698,2475.4,0.05361476082959049,0.048902055380832254
ROSE-1000S3-R15-rose.aln.true,minclusters,0.5731601715087891,877.4680190086365,3349.7,0.058169731214254616,0.05496137733502582
ROSE-1000S3-R16-rose.aln.true,minclusters,0.5782580375671387,1021.3024337291718,3780.3,0.05917609938642643,0.058209078429248495
ROSE-1000S3-R17-rose.aln.true,minclusters,0.6191701889038086,968.2601501941681,4040.1,0.05673728775814624,0.05551579273666263
ROSE-1000S3-R18-rose.aln.true,minclusters,0.5891039371490479,875.9616351127625,3633.8,0.03885446464036657,0.03853943287221884
ROSE-1000S3-R19-rose.aln.true,minclusters,0.5853607654571533,1035.9323031902313,4562.9,0.03811390063965203,0.035701735989382644
ROSE-1000S3-R1-rose.aln.true,minclusters,0.5644643306732178,949.7762815952301,3476.5,0.03330398157853165,0.032382843824676044
ROSE-1000S3-R2-rose.aln.true,minclusters,0.6178739070892334,911.1753761768341,4216.9,0.05431243531250318,0.05309615783164001
ROSE-1000S3-R3-rose.aln.true,minclusters,0.6044738292694092,1048.9880094528198,3375.2,0.03886921551709299,0.033468622621035116
ROSE-1000S3-R4-rose.aln.true,minclusters,0.5657696723937988,898.3361141681671,3579.4,0.04764009280105874,0.04168616019321536
ROSE-1000S3-R5-rose.aln.true,minclusters,0.557309627532959,941.3834221363068,3276.7,0.025096267237088687,0.024841214323323757
ROSE-1000S3-R6-rose.aln.true,minclusters,0.5899717807769775,1023.7043931484222,2459.0,0.04629416411713272,0.04442848415444656
ROSE-1000S3-R7-rose.aln.true,minclusters,0.6047394275665283,979.8158643245697,3984.7,0.04690650544724129,0.044002086651060535
ROSE-1000S3-R8-rose.aln.true,minclusters,0.5764796733856201,1105.0753529071808,3429.3,0.034086874876566364,0.032445987596444126
ROSE-1000S3-R9-rose.aln.true,minclusters,0.607201337814331,1069.1194207668304,4358.5,0.04862935559268711,0.04769437246956498
ROSE-1000L1-R0-rose.aln.true,minclusters_reimplemented,0.7660348415374756,946.2568199634552,4479.4,0.09099605196876437,0.07610907765671471
ROSE-1000L1-R10-rose.aln.true,minclusters_reimplemented,9.783822536468506,1111.9212894439697,7372.5,0.0850783612978605,0.06835039787735031
ROSE-1000L1-R11-rose.aln.true,minclusters_reimplemented,0.5624516010284424,908.0050115585327,6364.4,0.054169658114686325,0.05219187207161591
ROSE-1000L1-R12-rose.aln.true,minclusters_reimplemented,4.369629859924316,897.6247284412384,5540.8,0.04879401120224436,0.03995956998275696
ROSE-1000L1-R13-rose.aln.true,minclusters_reimplemented,0.5904757976531982,1040.4265735149384,6633.5,0.07125992921450575,0.06565543531641937
ROSE-1000L1-R14-rose.aln.true,minclusters_reimplemented,0.564037561416626,948.2463753223419,6067.0,0.052687180570834324,0.048067185944123514
ROSE-1000L1-R15-rose.aln.true,minclusters_reimplemented,0.6495492458343506,956.4734992980957,6595.4,0.0671273988617831,0.06333658678506693
ROSE-1000L1-R16-rose.aln.true,minclusters_reimplemented,0.6009163856506348,945.3941326141357,6255.6,0.05251696485234858,0.04773843391589783
ROSE-1000L1-R17-rose.aln.true,minclusters_reimplemented,10.340757131576538,889.7092170715332,6857.9,0.06500981180473897,0.053423973288539206
ROSE-1000L1-R18-rose.aln.true,minclusters_reimplemented,0.5667364597320557,917.6722493171692,5249.4,0.04232174856680804,0.040502446003261805
ROSE-1000L1-R19-rose.aln.true,minclusters_reimplemented,0.5343725681304932,804.021665096283,5137.4,0.050759507361555434,0.04912948240130133
ROSE-1000L1-R1-rose.aln.true,minclusters_reimplemented,0.6094136238098145,997.5433671474457,6617.0,0.05778909675722488,0.053809070514228896
ROSE-1000L1-R2-rose.aln.true,minclusters_reimplemented,0.6862246990203857,883.8672156333923,6651.4,0.060953701847237585,0.045374196624198504
ROSE-1000L1-R3-rose.aln.true,minclusters_reimplemented,0.6807377338409424,1184.1071429252625,7713.9,0.09478940249772405,0.08883716573772993
ROSE-1000L1-R4-rose.aln.true,minclusters_reimplemented,0.5378594398498535,940.972398519516,6058.1,0.057154526189097776,0.053430969880838286
ROSE-1000L1-R5-rose.aln.true,minclusters_reimplemented,0.5959770679473877,868.8212113380432,5677.0,0.04237436964153296,0.04047072295980947
ROSE-1000L1-R6-rose.aln.true,minclusters_reimplemented,21.340663194656372,970.8329031467438,5732.0,0.12308090578469488,0.09836261068553087
ROSE-1000L1-R7-rose.aln.true,minclusters_reimplemented,0.5932538509368896,808.7700624465942,5624.2,0.06253063084667021,0.0567069120393352
ROSE-1000L1-R8-rose.aln.true,minclusters_reimplemented,0.6658401489257812,1172.0228309631348,7725.7,0.09165317553140573,0.08393557393777173
ROSE-1000L1-R9-rose.aln.true,minclusters_reimplemented,0.5941882133483887,933.3830826282501,6347.5,0.05646644386786703,0.05435923659106667
ROSE-1000L2-R0-rose.aln.true,minclusters_reimplemented,0.558081865310669,954.9047574996948,6143.9,0.047655599077752187,0.0437155898150271
ROSE-1000L2-R10-rose.aln.true,minclusters_reimplemented,0.5515661239624023,859.9008264541626,5346.8,0.03329116742335869,0.03266080644540048
ROSE-1000L2-R11-rose.aln.true,minclusters_reimplemented,0.5027234554290771,786.7974066734314,4768.6,0.02767624589578266,0.026300521434543978
ROSE-1000L2-R12-rose.aln.true,minclusters_reimplemented,0.5905771255493164,1124.6758165359497,6062.2,0.04102800886026947,0.037049887482141775
ROSE-1000L2-R13-rose.aln.true,minclusters_reimplemented,0.6013357639312744,905.9365105628967,6115.7,0.04234764934270774,0.03822874632564366
ROSE-1000L2-R14-rose.aln.true,minclusters_reimplemented,0.5396997928619385,775.4851801395416,5099.8,0.019231671446408027,0.018212618386014845
ROSE-1000L2-R15-rose.aln.true,minclusters_reimplemented,0.5815069675445557,791.7485029697418,4965.9,0.03410883215403615,0.031783992527823046
ROSE-1000L2-R16-rose.aln.true,minclusters_reimplemented,0.5558042526245117,837.4832561016083,5132.0,0.05696246086140666,0.0531622762324947
ROSE-1000L2-R17-rose.aln.true,minclusters_reimplemented,0.5010654926300049,687.0008926391602,4168.2,0.02537939988158533,0.024801286359258712
ROSE-1000L2-R18-rose.aln.true,minclusters_reimplemented,0.4787592887878418,789.7444367408752,2732.8,0.015396855125916598,0.014995052394287
ROSE-1000L2-R19-rose.aln.true,minclusters_reimplemented,0.5364556312561035,836.8996856212616,5291.6,0.02156137230958255,0.02048410323740857
ROSE-1000L2-R1-rose.aln.true,minclusters_reimplemented,0.5870471000671387,797.8488118648529,4225.0,0.026534597367674384,0.02475213460931458
ROSE-1000L2-R2-rose.aln.true,minclusters_reimplemented,0.6132476329803467,1138.8006603717804,7034.2,0.07811548913955602,0.0658940567966908
ROSE-1000L2-R3-rose.aln.true,minclusters_reimplemented,0.5767726898193359,771.9820492267609,4892.9,0.029338572662816254,0.027597982853526992
ROSE-1000L2-R4-rose.aln.true,minclusters_reimplemented,0.5353379249572754,937.8384485244751,5958.4,0.026345801309409778,0.02536853763332625
ROSE-1000L2-R5-rose.aln.true,minclusters_reimplemented,0.5541167259216309,875.2747414112091,5129.2,0.05333548978946001,0.04850569967714313
ROSE-1000L2-R6-rose.aln.true,minclusters_reimplemented,11.124045610427856,793.2269678115845,4321.6,0.14756640915448416,0.018726372275929548
ROSE-1000L2-R7-rose.aln.true,minclusters_reimplemented,0.45954132080078125,725.0770237445831,4469.9,0.0135313246469001,0.013289515376383454
ROSE-1000L2-R8-rose.aln.true,minclusters_reimplemented,0.47835421562194824,710.2813632488251,4153.7,0.020127725899520388,0.019974575444002385
ROSE-1000L2-R9-rose.aln.true,minclusters_reimplemented,0.5391881465911865,742.0735578536987,4490.5,0.02713740002989462,0.026186132656094596
ROSE-1000L3-R0-rose.aln.true,minclusters_reimplemented,3.21952486038208,998.9513692855835,8396.8,0.1281096057509682,0.10554518700304294
ROSE-1000L3-R10-rose.aln.true,minclusters_reimplemented,5.412526607513428,797.3175165653229,7720.4,0.09199176561952627,0.07567138477655211
ROSE-1000L3-R11-rose.aln.true,minclusters_reimplemented,1.0396339893341064,1094.7534165382385,8908.5,0.12759436883657094,0.10930252706437382
ROSE-1000L3-R12-rose.aln.true,minclusters_reimplemented,9.594429969787598,981.2809658050537,3061.4,0.12425697982435113,0.11087315177770529
ROSE-1000L3-R13-rose.aln.true,minclusters_reimplemented,0.6204752922058105,945.9467740058899,8285.3,0.07973908942609231,0.07520979780334192
ROSE-1000L3-R14-rose.aln.true,minclusters_reimplemented,0.8243038654327393,1128.489661693573,8955.2,0.11482342469919848,0.10588682037591357
ROSE-1000L3-R15-rose.aln.true,minclusters_reimplemented,28.857945680618286,1160.4820303916931,8936.9,0.16860129290723702,0.12236910649340382
ROSE-1000L3-R16-rose.aln.true,minclusters_reimplemented,0.7903006076812744,956.2072939872742,8038.4,0.0752280568075413,0.06538024075755888
ROSE-1000L3-R17-rose.aln.true,minclusters_reimplemented,0.7620668411254883,982.5545032024384,7784.8,0.07568461315840425,0.06864700140074753
ROSE-1000L3-R18-rose.aln.true,minclusters_reimplemented,0.7727866172790527,1156.3590366840363,9297.7,0.10972732131495377,0.10140402501303258
ROSE-1000L3-R19-rose.aln.true,minclusters_reimplemented,22.110008478164673,1198.5142424106598,8321.7,0.18418499460604587,0.1437869901430272
ROSE-1000L3-R1-rose.aln.true,minclusters_reimplemented,22.0679931640625,1181.4656267166138,8791.1,0.10969302563243366,0.07014739723493124
ROSE-1000L3-R2-rose.aln.true,minclusters_reimplemented,0.7930617332458496,1264.4488575458527,9260.1,0.09133544158788409,0.08094784901631191
ROSE-1000L3-R3-rose.aln.true,minclusters_reimplemented,0.656808614730835,950.0439479351044,8271.3,0.07169899139442748,0.06893632871527089
ROSE-1000L3-R4-rose.aln.true,minclusters_reimplemented,114.60479259490967,1255.5819208621979,9321.0,0.6763020338362276,0.13276573355687116
ROSE-1000L3-R5-rose.aln.true,minclusters_reimplemented,34.33916473388672,1294.6633927822113,9027.3,0.2183379520164126,0.15711980846083284
ROSE-1000L3-R6-rose.aln.true,minclusters_reimplemented,35.6124472618103,1063.5028240680695,8921.5,0.16419034995999027,0.12638215439300804
ROSE-1000L3-R7-rose.aln.true,minclusters_reimplemented,0.8496720790863037,956.7716629505157,3458.0,0.12247260061896947,0.11020829742196092
ROSE-1000L3-R8-rose.aln.true,minclusters_reimplemented,1.083221197128296,1216.1456587314606,9802.4,0.12034814402717209,0.09893299015988988
ROSE-1000L3-R9-rose.aln.true,minclusters_reimplemented,1.0935161113739014,941.9710080623627,8229.6,0.1567488874672196,0.11689791915755832
ROSE-1000M1-R0-rose.aln.true,minclusters_reimplemented,0.654656171798706,848.4295599460602,5827.8,0.1097077444640705,0.09129689019329768
ROSE-1000M1-R10-rose.aln.true,minclusters_reimplemented,0.6408185958862305,962.6227424144745,6291.3,0.11385847352376333,0.10386796112762253
ROSE-1000M1-R11-rose.aln.true,minclusters_reimplemented,1.0527198314666748,892.0884656906128,6213.9,0.1400967484853609,0.12075167783473251
ROSE-1000M1-R12-rose.aln.true,minclusters_reimplemented,0.855964183807373,902.0006144046783,6151.6,0.12723066111369108,0.11598076563741755
ROSE-1000M1-R13-rose.aln.true,minclusters_reimplemented,0.5663774013519287,936.9808821678162,5823.8,0.09311330342237167,0.08855626435381858
ROSE-1000M1-R14-rose.aln.true,minclusters_reimplemented,0.5992569923400879,890.2753579616547,5492.0,0.11724758290113058,0.11002533578152196
ROSE-1000M1-R15-rose.aln.true,minclusters_reimplemented,0.6291353702545166,781.5902993679047,5607.8,0.11837358796610065,0.10840334449288147
ROSE-1000M1-R16-rose.aln.true,minclusters_reimplemented,25.962950468063354,2192.076866388321,6392.0,0.33528088608309314,0.26870071753384484
ROSE-1000M1-R17-rose.aln.true,minclusters_reimplemented,0.6721227169036865,929.1757488250732,5947.8,0.12186850666643101,0.11298182886962349
ROSE-1000M1-R18-rose.aln.true,minclusters_reimplemented,0.6395456790924072,997.1658220291138,6449.5,0.12240754359430539,0.11013176463859997
ROSE-1000M1-R19-rose.aln.true,minclusters_reimplemented,43.56350827217102,1047.7669327259064,6579.7,0.38186194847901944,0.10844148825198008
ROSE-1000M1-R1-rose.aln.true,minclusters_reimplemented,0.6372416019439697,945.071626663208,3309.5,0.12290622364176362,0.11227922659437395
ROSE-1000M1-R2-rose.aln.true,minclusters_reimplemented,0.6439230442047119,880.1320037841797,6167.9,0.14607989388661957,0.1325539603484519
ROSE-1000M1-R3-rose.aln.true,minclusters_reimplemented,0.5793776512145996,683.6150274276733,5070.4,0.07625625492529597,0.06487306315216768
ROSE-1000M1-R4-rose.aln.true,minclusters_reimplemented,0.8478009700775146,1152.8535215854645,6088.9,0.18994696207610184,0.1669483938565789
ROSE-1000M1-R5-rose.aln.true,minclusters_reimplemented,0.6826155185699463,781.0949318408966,5448.3,0.12907238676022303,0.11441639731097597
ROSE-1000M1-R6-rose.aln.true,minclusters_reimplemented,6.01441216468811,962.0859038829803,5512.2,0.15632502679715354,0.13335695005474568
ROSE-1000M1-R7-rose.aln.true,minclusters_reimplemented,0.5902457237243652,832.955977678299,6175.0,0.09938485333482971,0.09347731481234334
ROSE-1000M1-R8-rose.aln.true,minclusters_reimplemented,18.62070894241333,941.9931869506836,5466.9,0.19009034971137972,0.13456225327866966
ROSE-1000M1-R9-rose.aln.true,minclusters_reimplemented,12.503469944000244,1001.672700881958,5719.0,0.1689712734371399,0.13155819296316718
ROSE-1000M2-R0-rose.aln.true,minclusters_reimplemented,93.05551624298096,940.5129823684692,5787.0,0.7066983315993278,0.10181710414123879
ROSE-1000M2-R10-rose.aln.true,minclusters_reimplemented,0.7080507278442383,958.0145404338837,6033.0,0.1378973127588491,0.12703742899592618
ROSE-1000M2-R11-rose.aln.true,minclusters_reimplemented,0.6257758140563965,885.2672712802887,6663.9,0.08389779346819537,0.0808677714245164
ROSE-1000M2-R12-rose.aln.true,minclusters_reimplemented,0.5492498874664307,841.0034670829773,4811.3,0.058143733967496836,0.055024689771434376
ROSE-1000M2-R13-rose.aln.true,minclusters_reimplemented,0.5926830768585205,886.1520774364471,5861.6,0.11179003023396195,0.10775291361037675
ROSE-1000M2-R14-rose.aln.true,minclusters_reimplemented,0.5945830345153809,1017.228842496872,2905.7,0.14029520270960372,0.13115666929442327
ROSE-1000M2-R15-rose.aln.true,minclusters_reimplemented,46.88925886154175,958.3786940574646,5888.2,0.3979076606942129,0.1183839241850706
ROSE-1000M2-R16-rose.aln.true,minclusters_reimplemented,13.367635726928711,884.4705538749695,5988.0,0.150684686729615,0.10260854234358252
ROSE-1000M2-R17-rose.aln.true,minclusters_reimplemented,0.5436322689056396,771.3707456588745,5120.5,0.07829656776382454,0.07556133761275374
ROSE-1000M2-R18-rose.aln.true,minclusters_reimplemented,0.642582893371582,854.3507390022278,5947.6,0.11578637791921542,0.1015007567646935
ROSE-1000M2-R19-rose.aln.true,minclusters_reimplemented,0.6182711124420166,798.377681016922,5198.2,0.06765192766400263,0.05601233419632612
ROSE-1000M2-R1-rose.aln.true,minclusters_reimplemented,0.771465539932251,827.8794176578522,6353.7,0.12369941116356675,0.11562684675314083
ROSE-1000M2-R2-rose.aln.true,minclusters_reimplemented,0.6298985481262207,820.9640474319458,5725.7,0.09989105329269077,0.09409019827542886
ROSE-1000M2-R3-rose.aln.true,minclusters_reimplemented,0.5927674770355225,825.1161305904388,5494.3,0.08355200306122768,0.08114881100570004
ROSE-1000M2-R4-rose.aln.true,minclusters_reimplemented,0.5864307880401611,726.5810663700104,5198.4,0.0661454787066017,0.062456890602886284
ROSE-1000M2-R5-rose.aln.true,minclusters_reimplemented,0.6086876392364502,908.5040254592896,6255.5,0.10156115471761629,0.09862502140019225
ROSE-1000M2-R6-rose.aln.true,minclusters_reimplemented,0.587310791015625,878.5200951099396,5051.2,0.06526875416039812,0.06268907160348314
ROSE-1000M2-R7-rose.aln.true,minclusters_reimplemented,1.081679105758667,600.2642691135406,4473.2,0.126790208058297,0.09382388081187332
ROSE-1000M2-R8-rose.aln.true,minclusters_reimplemented,0.6052060127258301,860.564640045166,6473.6,0.0865413180208584,0.08236332077245645
ROSE-1000M2-R9-rose.aln.true,minclusters_reimplemented,0.8302285671234131,759.4991369247437,5348.9,0.1167556754127812,0.10266316146605214
ROSE-1000M3-R0-rose.aln.true,minclusters_reimplemented,0.49037718772888184,612.434427022934,3684.3,0.04632183722429395,0.04351041898936736
ROSE-1000M3-R10-rose.aln.true,minclusters_reimplemented,0.5148627758026123,738.5228772163391,4360.7,0.03321900434784397,0.03093207753150118
ROSE-1000M3-R11-rose.aln.true,minclusters_reimplemented,0.5047357082366943,678.2376325130463,4061.2,0.03685283797477734,0.035943494699463674
ROSE-1000M3-R12-rose.aln.true,minclusters_reimplemented,0.5099799633026123,687.7162637710571,4220.8,0.03145194768177828,0.031017380620874002
ROSE-1000M3-R13-rose.aln.true,minclusters_reimplemented,0.5243475437164307,771.1760468482971,4078.7,0.03161410723558622,0.029808592342908224
ROSE-1000M3-R14-rose.aln.true,minclusters_reimplemented,0.5659568309783936,666.8582527637482,4322.5,0.03826698976029719,0.03746830872147955
ROSE-1000M3-R15-rose.aln.true,minclusters_reimplemented,0.4974987506866455,746.7525753974915,4843.9,0.03218012115608404,0.030095601312724707
ROSE-1000M3-R16-rose.aln.true,minclusters_reimplemented,0.5215919017791748,701.2518336772919,4567.0,0.026969087297376237,0.026398798708837212
ROSE-1000M3-R17-rose.aln.true,minclusters_reimplemented,0.5342581272125244,625.304919719696,4253.9,0.026778777694119738,0.02600616979022219
ROSE-1000M3-R18-rose.aln.true,minclusters_reimplemented,0.5428330898284912,695.0958795547485,5143.0,0.03067294159239653,0.029888989596313364
ROSE-1000M3-R19-rose.aln.true,minclusters_reimplemented,0.5116293430328369,683.8041396141052,4437.8,0.025618306032556326,0.023134875741200656
ROSE-1000M3-R1-rose.aln.true,minclusters_reimplemented,0.5778849124908447,621.5595381259918,3763.6,0.053780802187621934,0.04873744641004507
ROSE-1000M3-R2-rose.aln.true,minclusters_reimplemented,0.5209283828735352,842.7869024276733,4624.3,0.05082225980951227,0.045716937714157746
ROSE-1000M3-R3-rose.aln.true,minclusters_reimplemented,0.5107667446136475,727.5111758708954,4468.1,0.04007847163856426,0.03933258174984511
ROSE-1000M3-R4-rose.aln.true,minclusters_reimplemented,0.4929981231689453,621.5283298492432,2684.6,0.037502270491266976,0.03633202788649892
ROSE-1000M3-R5-rose.aln.true,minclusters_reimplemented,0.49820566177368164,647.0931389331818,4235.2,0.027733232509400185,0.026404782138648608
ROSE-1000M3-R6-rose.aln.true,minclusters_reimplemented,0.5603430271148682,695.8089725971222,4319.6,0.037495084204979046,0.03673127802914378
ROSE-1000M3-R7-rose.aln.true,minclusters_reimplemented,0.5150959491729736,699.1290078163147,4635.0,0.034640009552376116,0.033549155547249354
ROSE-1000M3-R8-rose.aln.true,minclusters_reimplemented,0.5462231636047363,644.0486612319946,3955.5,0.03765386450042607,0.03613001086691969
ROSE-1000M3-R9-rose.aln.true,minclusters_reimplemented,0.519545316696167,683.9079446792603,4451.1,0.029361146286262962,0.028560145653289237
ROSE-1000M4-R0-rose.aln.true,minclusters_reimplemented,0.573714017868042,543.9772894382477,4193.0,0.01327356662202328,0.009344563398804184
ROSE-1000M4-R10-rose.aln.true,minclusters_reimplemented,0.6723530292510986,561.0898494720459,4641.1,0.011052341563555168,0.007029191859007744
ROSE-1000M4-R11-rose.aln.true,minclusters_reimplemented,0.5816910266876221,521.3476457595825,3817.2,0.011733149693808231,0.008628613315411426
ROSE-1000M4-R12-rose.aln.true,minclusters_reimplemented,0.591944694519043,554.8592658042908,4061.2,0.014966483504808559,0.01036810374005348
ROSE-1000M4-R13-rose.aln.true,minclusters_reimplemented,0.6206803321838379,503.12468099594116,3996.6,0.00901405470271699,0.005970188045563152
ROSE-1000M4-R14-rose.aln.true,minclusters_reimplemented,0.6125369071960449,531.1850445270538,4238.4,0.014031540784859242,0.009470810549062847
ROSE-1000M4-R15-rose.aln.true,minclusters_reimplemented,0.5002191066741943,467.4851174354553,3468.4,0.01728404578374143,0.01618795175094423
ROSE-1000M4-R16-rose.aln.true,minclusters_reimplemented,0.540175199508667,538.2075953483582,3966.2,0.009358916359034075,0.006652924802879934
ROSE-1000M4-R17-rose.aln.true,minclusters_reimplemented,0.5601918697357178,504.224347114563,3045.1,0.015475974555791416,0.012978958849840239
ROSE-1000M4-R18-rose.aln.true,minclusters_reimplemented,0.6507458686828613,538.6933462619781,4262.2,0.014157378509069729,0.010481240822087123
ROSE-1000M4-R19-rose.aln.true,minclusters_reimplemented,0.5113234519958496,482.8496165275574,2266.4,0.007005163140646586,0.004981088782587628
ROSE-1000M4-R1-rose.aln.true,minclusters_reimplemented,0.5398271083831787,509.79709219932556,4214.2,0.010812952885924876,0.007782707527653532
ROSE-1000M4-R2-rose.aln.true,minclusters_reimplemented,0.48912835121154785,470.33536195755005,3345.1,0.00865428348879016,0.006858481957522811
ROSE-1000M4-R3-rose.aln.true,minclusters_reimplemented,0.549396276473999,509.74767422676086,3847.4,0.016651852853333038,0.013561388023673793
ROSE-1000M4-R4-rose.aln.true,minclusters_reimplemented,0.6311709880828857,517.2603514194489,3934.0,0.014203003818631599,0.008515318761608714
ROSE-1000M4-R5-rose.aln.true,minclusters_reimplemented,0.5747382640838623,537.5898225307465,4311.2,0.015996068720737777,0.012716283373690906
ROSE-1000M4-R6-rose.aln.true,minclusters_reimplemented,0.5606722831726074,595.9701464176178,4373.9,0.011364055589879851,0.008262442500390432
ROSE-1000M4-R7-rose.aln.true,minclusters_reimplemented,0.49736952781677246,511.00704860687256,3715.4,0.010305728908440503,0.009058732253458213
ROSE-1000M4-R8-rose.aln.true,minclusters_reimplemented,0.633368968963623,538.1598165035248,4047.2,0.01117185153343958,0.007454435334437015
ROSE-1000M4-R9-rose.aln.true,minclusters_reimplemented,0.5499467849731445,506.0751347541809,3880.2,0.009383885490418908,0.0075095206855403385
ROSE-1000S1-R0-rose.aln.true,minclusters_reimplemented,0.5124697685241699,751.1353838443756,4259.5,0.08636080517813072,0.08257366211238992
ROSE-1000S1-R10-rose.aln.true,minclusters_reimplemented,0.5631117820739746,929.4672424793243,5334.4,0.1495546701556527,0.14314825030746592
ROSE-1000S1-R11-rose.aln.true,minclusters_reimplemented,0.5748229026794434,740.4422037601471,4464.0,0.13172479369412549,0.11932155785876253
ROSE-1000S1-R12-rose.aln.true,minclusters_reimplemented,0.5371484756469727,803.9528443813324,4718.1,0.12828038287856602,0.12029191173784615
ROSE-1000S1-R13-rose.aln.true,minclusters_reimplemented,0.5189440250396729,849.0651066303253,4717.5,0.09649178292207783,0.09327575663760423
ROSE-1000S1-R14-rose.aln.true,minclusters_reimplemented,2.30131196975708,1009.9150431156158,2734.1,0.15286205196326197,0.1400260071488152
ROSE-1000S1-R15-rose.aln.true,minclusters_reimplemented,0.5054502487182617,701.520345211029,3746.4,0.06314415713010535,0.05810352061826296
ROSE-1000S1-R16-rose.aln.true,minclusters_reimplemented,2.775221824645996,912.7683877944946,5261.8,0.1509512736500923,0.12951585865561455
ROSE-1000S1-R17-rose.aln.true,minclusters_reimplemented,0.5760602951049805,749.1726367473602,4509.1,0.12151976777487894,0.11257323603058578
ROSE-1000S1-R18-rose.aln.true,minclusters_reimplemented,0.5116708278656006,708.4944183826447,3766.9,0.10107686393847326,0.08809847529845893
ROSE-1000S1-R19-rose.aln.true,minclusters_reimplemented,0.5560839176177979,750.5801498889923,3983.8,0.09436848577137424,0.09091923463810592
ROSE-1000S1-R1-rose.aln.true,minclusters_reimplemented,1.2175161838531494,669.8633894920349,4267.4,0.12016716343596068,0.11357671673895542
ROSE-1000S1-R2-rose.aln.true,minclusters_reimplemented,0.5297412872314453,669.1105136871338,4038.7,0.08970647324612135,0.08346664372241386
ROSE-1000S1-R3-rose.aln.true,minclusters_reimplemented,0.5483229160308838,841.1100289821625,4353.0,0.10977561315505524,0.09967771798268821
ROSE-1000S1-R4-rose.aln.true,minclusters_reimplemented,0.5203242301940918,748.306428194046,4501.8,0.09997813453734161,0.0952886054728318
ROSE-1000S1-R5-rose.aln.true,minclusters_reimplemented,0.493145227432251,688.3903963565826,4089.1,0.08349272844667399,0.08162366818912681
ROSE-1000S1-R6-rose.aln.true,minclusters_reimplemented,0.5484755039215088,802.4626264572144,4703.2,0.1259698146676097,0.12112131751717392
ROSE-1000S1-R7-rose.aln.true,minclusters_reimplemented,0.6359257698059082,822.5768694877625,4820.1,0.12269896733832752,0.10453957395391755
ROSE-1000S1-R8-rose.aln.true,minclusters_reimplemented,0.5571882724761963,830.0650160312653,4962.4,0.10001848917275658,0.09542766983740147
ROSE-1000S1-R9-rose.aln.true,minclusters_reimplemented,0.7510735988616943,850.121824502945,4512.9,0.14865595269393816,0.13684846434527254
ROSE-1000S2-R0-rose.aln.true,minclusters_reimplemented,0.45202016830444336,645.3510887622833,2583.8,0.05223149381550807,0.05070375198457089
ROSE-1000S2-R10-rose.aln.true,minclusters_reimplemented,0.48360347747802734,685.1685700416565,3269.7,0.046415087163260704,0.04088176199571636
ROSE-1000S2-R11-rose.aln.true,minclusters_reimplemented,4.759485721588135,715.4976477622986,3958.0,0.04514679959811574,0.04274016010941295
ROSE-1000S2-R12-rose.aln.true,minclusters_reimplemented,0.47925639152526855,685.0537981987,3426.9,0.033091409426907026,0.029803200517217077
ROSE-1000S2-R13-rose.aln.true,minclusters_reimplemented,0.4903881549835205,754.5269207954407,3259.4,0.08668006563189345,0.07976372178207858
ROSE-1000S2-R14-rose.aln.true,minclusters_reimplemented,0.4660024642944336,734.3322117328644,4489.6,0.050706601172556764,0.049974458632408125
ROSE-1000S2-R15-rose.aln.true,minclusters_reimplemented,0.5054774284362793,684.8854863643646,3186.2,0.05448286488215748,0.05228459123198337
ROSE-1000S2-R16-rose.aln.true,minclusters_reimplemented,0.5519473552703857,760.4369702339172,3577.4,0.057444794001746735,0.04748650089915685
ROSE-1000S2-R17-rose.aln.true,minclusters_reimplemented,0.45413899421691895,743.7506079673767,3145.8,0.05584206336745656,0.03848461844271389
ROSE-1000S2-R18-rose.aln.true,minclusters_reimplemented,0.5077943801879883,796.5825328826904,4224.8,0.06321242007869432,0.058279838861917455
ROSE-1000S2-R19-rose.aln.true,minclusters_reimplemented,0.46808958053588867,707.1384873390198,4122.6,0.047149290761823615,0.04591099538203447
ROSE-1000S2-R1-rose.aln.true,minclusters_reimplemented,0.4965400695800781,801.9285154342651,4321.1,0.05412213197173632,0.05296901792896325
ROSE-1000S2-R2-rose.aln.true,minclusters_reimplemented,0.5214893817901611,740.6740136146545,3812.7,0.0754513868232416,0.0689960564086024
ROSE-1000S2-R3-rose.aln.true,minclusters_reimplemented,0.4762732982635498,698.3686442375183,3556.4,0.04068029599325884,0.03903309757711437
ROSE-1000S2-R4-rose.aln.true,minclusters_reimplemented,0.4897282123565674,739.4782259464264,3914.7,0.044027838534470454,0.04362091968614201
ROSE-1000S2-R5-rose.aln.true,minclusters_reimplemented,0.47672295570373535,710.1915509700775,3733.0,0.05844205167539762,0.05651781055363836
ROSE-1000S2-R6-rose.aln.true,minclusters_reimplemented,0.4894094467163086,757.2445361614227,4240.1,0.06655048712097233,0.064803996960629
ROSE-1000S2-R7-rose.aln.true,minclusters_reimplemented,0.4973931312561035,675.7312424182892,3957.3,0.05562070831694821,0.05104507091785204
ROSE-1000S2-R8-rose.aln.true,minclusters_reimplemented,0.5349345207214355,737.5841689109802,3930.5,0.07531086788418684,0.07220888762325939
ROSE-1000S2-R9-rose.aln.true,minclusters_reimplemented,0.5454983711242676,715.8833935260773,3867.1,0.09116571384775052,0.07829996733450739
ROSE-1000S3-R0-rose.aln.true,minclusters_reimplemented,0.5160202980041504,766.5735492706299,4249.4,0.04243685404488551,0.04117078503389837
ROSE-1000S3-R10-rose.aln.true,minclusters_reimplemented,0.5049855709075928,700.4490396976471,3588.7,0.04493715839093404,0.042414126687262965
ROSE-1000S3-R11-rose.aln.true,minclusters_reimplemented,0.4943840503692627,617.8438377380371,3007.0,0.03321955812141597,0.03252197105933863
ROSE-1000S3-R12-rose.aln.true,minclusters_reimplemented,0.49746179580688477,894.81418633461,4385.3,0.07257791025543259,0.07042307833729178
ROSE-1000S3-R13-rose.aln.true,minclusters_reimplemented,0.45755791664123535,643.8349685668945,3353.9,0.028194817128750715,0.02539772902203652
ROSE-1000S3-R14-rose.aln.true,minclusters_reimplemented,0.5239241123199463,651.4806642532349,3523.2,0.05698702935769073,0.04991795093829676
ROSE-1000S3-R15-rose.aln.true,minclusters_reimplemented,0.4686851501464844,646.9518806934357,3295.0,0.05023547303197762,0.048783128461389436
ROSE-1000S3-R16-rose.aln.true,minclusters_reimplemented,0.4973914623260498,696.026670217514,3376.8,0.055364145891658945,0.05417827440597489
ROSE-1000S3-R17-rose.aln.true,minclusters_reimplemented,0.47249484062194824,705.5369374752045,3895.6,0.05796824485862906,0.0573201754426802
ROSE-1000S3-R18-rose.aln.true,minclusters_reimplemented,0.4673268795013428,665.7875070571899,3401.5,0.04561465630974726,0.044856243493420545
ROSE-1000S3-R19-rose.aln.true,minclusters_reimplemented,0.49070262908935547,701.8126795291901,3965.5,0.05141399002981306,0.05008330423695606
ROSE-1000S3-R1-rose.aln.true,minclusters_reimplemented,0.47837233543395996,647.3620219230652,3305.4,0.03743770739984498,0.03603248178618246
ROSE-1000S3-R2-rose.aln.true,minclusters_reimplemented,0.466663122177124,682.1570320129395,4260.4,0.047433397098128216,0.04635578097077797
ROSE-1000S3-R3-rose.aln.true,minclusters_reimplemented,0.47875308990478516,676.8847460746765,3247.8,0.031286495578115026,0.028330205588547708
ROSE-1000S3-R4-rose.aln.true,minclusters_reimplemented,0.4827725887298584,669.1708834171295,3497.3,0.0480476252051949,0.046037746528486245
ROSE-1000S3-R5-rose.aln.true,minclusters_reimplemented,0.4543297290802002,613.5577766895294,3063.3,0.025301368888618114,0.025162577194334457
ROSE-1000S3-R6-rose.aln.true,minclusters_reimplemented,0.47452640533447266,735.308470249176,3562.9,0.044902878150787084,0.03626614992104915
ROSE-1000S3-R7-rose.aln.true,minclusters_reimplemented,0.46752405166625977,709.4414939880371,3686.9,0.04770368244764844,0.04582254170202438
ROSE-1000S3-R8-rose.aln.true,minclusters_reimplemented,0.4627690315246582,648.2997505664825,3299.6,0.05026688045213512,0.04525773074514494
ROSE-1000S3-R9-rose.aln.true,minclusters_reimplemented,0.50600266456604,697.4712316989899,4088.6,0.05191845114061089,0.0503969676604219
RNASim-1000-R0-true_align,minclusters_reimplemented,1.0842020511627197,3233.352130651474,9838.6,0.09748568206495489,0.0932193168153519
RNASim-1000-R10-true_align,minclusters_reimplemented,1.1092453002929688,3154.5849556922913,9738.8,0.09815106197144063,0.0946239792734348
RNASim-1000-R11-true_align,minclusters_reimplemented,1.0594770908355713,2872.308222770691,9574.3,0.09483360523293927,0.09087250774461009
RNASim-1000-R12-true_align,minclusters_reimplemented,1.0263774394989014,2925.8998234272003,9680.3,0.09402808967022869,0.09028472986727809
RNASim-1000-R13-true_align,minclusters_reimplemented,1.0897729396820068,3187.674867630005,9781.1,0.10147039306653238,0.09491076722620007
RNASim-1000-R14-true_align,minclusters_reimplemented,1.0306129455566406,3004.673100709915,9771.7,0.09586569464455597,0.09312748853232078
RNASim-1000-R15-true_align,minclusters_reimplemented,1.0795402526855469,3159.281233549118,9735.1,0.10329096852128927,0.09857534775513288
RNASim-1000-R16-true_align,minclusters_reimplemented,1.0961885452270508,3282.4659395217896,9728.8,0.10361025340641083,0.09865802028569448
RNASim-1000-R17-true_align,minclusters_reimplemented,1.1213271617889404,2994.0870084762573,10026.9,0.09947053699709629,0.09578432300950679
RNASim-1000-R18-true_align,minclusters_reimplemented,1.0809173583984375,3082.054158449173,9802.7,0.10174162572162182,0.09684845993203428
RNASim-1000-R19-true_align,minclusters_reimplemented,1.0419988632202148,3186.694943189621,9850.3,0.09614564358098665,0.0916910460551641
RNASim-1000-R1-true_align,minclusters_reimplemented,1.0594196319580078,2974.010850906372,5682.7,0.09608467244598062,0.09157503933798727
RNASim-1000-R2-true_align,minclusters_reimplemented,1.091850996017456,3069.8369669914246,9867.4,0.09958763180286645,0.09455520141563367
RNASim-1000-R3-true_align,minclusters_reimplemented,1.0790953636169434,3149.514671087265,9697.8,0.1009775244979304,0.09672119298386872
RNASim-1000-R4-true_align,minclusters_reimplemented,1.1030101776123047,2874.1346435546875,9887.7,0.10754257252895394,0.10031878028701058
RNASim-1000-R5-true_align,minclusters_reimplemented,1.0936319828033447,3113.4295630455017,9840.7,0.09081480330533631,0.08610615009818223
RNASim-1000-R6-true_align,minclusters_reimplemented,1.1254966259002686,3258.688487291336,9613.3,0.09710742592504074,0.09112178347139499
RNASim-1000-R7-true_align,minclusters_reimplemented,1.132493495941162,2923.7829146385193,9586.1,0.09816431875583975,0.09369566250748873
RNASim-1000-R8-true_align,minclusters_reimplemented,1.1306378841400146,3159.552824497223,9875.2,0.09787817332547644,0.09287269170541668
RNASim-1000-R9-true_align,minclusters_reimplemented,1.0628983974456787,2843.870657682419,9692.3,0.09432851133265951,0.08953269056935831
RNASim-1000-R0-true_align,minclusters,1.431701421737671,4414.073164701462,10916.5,0.09567097018972648,0.09207623778403573
RNASim-1000-R10-true_align,minclusters,1.3312091827392578,4247.2306435108185,10738.2,0.09807255755712618,0.09499472873817993
RNASim-1000-R11-true_align,minclusters,1.3578822612762451,4217.351607322693,10997.8,0.0960242935294554,0.09368057670049434
RNASim-1000-R12-true_align,minclusters,1.4061315059661865,4726.950583219528,5720.0,0.09441244698566331,0.09166346095505729
RNASim-1000-R13-true_align,minclusters,1.4159624576568604,4409.1627469062805,11011.1,0.09396535427474717,0.09167775052017313
RNASim-1000-R14-true_align,minclusters,1.2818403244018555,4545.794724702835,10701.4,0.09614530240943953,0.09486555949977016
RNASim-1000-R15-true_align,minclusters,1.501887321472168,4883.031831502914,10805.8,0.10193708121821354,0.09805400303320233
RNASim-1000-R16-true_align,minclusters,1.4463491439819336,4467.321537017822,10764.6,0.10593916180423846,0.10100029864189497
RNASim-1000-R17-true_align,minclusters,1.3542428016662598,4637.419547557831,10665.3,0.09793820269306697,0.09579117916647328
RNASim-1000-R18-true_align,minclusters,1.4409637451171875,4399.052814006805,10971.6,0.10284394287965459,0.10021581290072235
RNASim-1000-R19-true_align,minclusters,1.3776113986968994,4810.454688549042,5895.9,0.09733947339055216,0.09580519422137967
RNASim-1000-R1-true_align,minclusters,1.4106509685516357,4377.4763650894165,10608.6,0.09575418434695493,0.09382520308570275
RNASim-1000-R2-true_align,minclusters,1.6734633445739746,4771.098672389984,10916.0,0.09994242783513474,0.09775032447230414
RNASim-1000-R3-true_align,minclusters,1.3136131763458252,4308.593389749527,10620.7,0.10167892589810823,0.0994918423267942
RNASim-1000-R4-true_align,minclusters,1.4584712982177734,4339.533721923828,10569.6,0.10107363772730849,0.09872472036409907
RNASim-1000-R5-true_align,minclusters,1.3949899673461914,4294.687577962875,10667.8,0.09002214150489529,0.08645259029738683
RNASim-1000-R6-true_align,minclusters,1.4442577362060547,4433.691642522812,10674.2,0.0944783605761309,0.09193060177390644
RNASim-1000-R7-true_align,minclusters,1.3356389999389648,4495.589220523834,8631.7,0.09897204328044573,0.09682928449063166
RNASim-1000-R8-true_align,minclusters,3.129725217819214,4431.136693477631,10805.9,0.09673930185658375,0.0939843204879095
RNASim-1000-R9-true_align,minclusters,1.2328588962554932,4413.469044685364,10561.8,0.0957906084194392,0.09392812025778963
Gutell-16S.3-R0-cleaned.alignment,minclusters,346.0279104709625,28921.746123075485,1852.1,0.08342088000694492,0.15241999871849943
Gutell-16S.M-R0-cleaned.alignment,minclusters,388.11996507644653,10718.778431415558,3207.7,0.1780225041967709,0.1781828141150994
Gutell-16S.T-R0-cleaned.alignment,minclusters,3061.096246957779,75630.13818478584,6927.7,0.1505929596946619,0.1682005959508508
Gutell-16S.3-R0-cleaned.alignment,minclusters_reimplemented,6908.751212835312,34812.37082362175,12973.2,0.9182853047793814,0.12146956999449487
Gutell-16S.M-R0-cleaned.alignment,minclusters_reimplemented,2306.375452518463,13474.109467029572,12904.9,0.900675560895108,0.10653002536151968
Gutell-16S.T-R0-cleaned.alignment,minclusters_reimplemented,7868.757390022278,72752.36252808571,13287.8,0.9218049250309814,0.16911022313662005
Gutell-16S.B.ALL-R0-cleaned.alignment,minclusters,398.435583114624,26062.442635774612,13643.5,0.04384453808163291,0.04361916113133413
RNASim-10000-R0-true_align,minclusters,110.97488808631897,9417.747559785843,13714.9,0.08685069959310288,0.082232487609043
RNASim-10000-R1-true_align,minclusters,171.20552396774292,9218.12377500534,14300.0,0.08943511884867816,0.0858242568399592
RNASim-10000-R2-true_align,minclusters,343.02323961257935,9200.77919125557,14239.1,0.08825014427783784,0.08446503467042121
RNASim-10000-R3-true_align,minclusters,257.5938310623169,9366.706293582916,13704.3,0.08954725684745346,0.08537938289336677
RNASim-10000-R4-true_align,minclusters,188.90139031410217,9573.45341873169,13818.4,0.08892411083615381,0.08335015427618242
RNASim-10000-R5-true_align,minclusters,143.4009017944336,9211.588891267776,10056.2,0.08815458717354696,0.08340886065638764
RNASim-10000-R6-true_align,minclusters,141.28109765052795,9346.031755447388,14014.2,0.08763348209731137,0.08343919981849901
RNASim-10000-R7-true_align,minclusters,130.56448888778687,9471.091844797134,14067.4,0.08818597025937647,0.0841598754011379
RNASim-10000-R8-true_align,minclusters,300.33046770095825,9454.829127311707,13876.8,0.08881536479112473,0.08389099843943015
RNASim-10000-R9-true_align,minclusters,93.64742994308472,9529.42806816101,13950.0,0.08891828052186046,0.0830486620013996
Gutell-16S.B.ALL-R0-cleaned.alignment,minclusters_reimplemented,0,43035.13767170906,53810.6,0.852845263032202,0.04396092743480862
RNASim-10000-R0-true_align,minclusters_reimplemented,142859.9491662979,149710.19401359558,54561.8,0.8137703934635769,0.0579741410637612
RNASim-10000-R1-true_align,minclusters_reimplemented,1340.0923495292664,7735.057304143906,16318.5,0.09489098950361086,0.07686501708854476
RNASim-10000-R2-true_align,minclusters_reimplemented,1379.344687461853,8269.967365264893,21807.4,0.0939096942544303,0.08234887342524211
RNASim-10000-R3-true_align,minclusters_reimplemented,1943.702480316162,8695.218575716019,19411.2,0.09329138985234875,0.08074883098981445
RNASim-10000-R4-true_align,minclusters_reimplemented,1112.3129675388336,7920.086501121521,29300.8,0.09496681638449744,0.08256581697870125
RNASim-10000-R5-true_align,minclusters_reimplemented,42928.960379600525,49621.6618077755,54327.5,0.49024372304729247,0.07808678972371963
RNASim-10000-R6-true_align,minclusters_reimplemented,619.017246723175,7543.840946435928,13921.8,0.08931110489171001,0.08238937212157327
RNASim-10000-R7-true_align,minclusters_reimplemented,1039.0982506275177,7665.2652332782745,16329.7,0.0886846317779959,0.08041491095959874